1553743053.0,-2408696.0167,4698117.493,3566693.7869,34.22020398259017,117.14393598633458,41.71144521140124
1553743054.0,-2408696.5287,4698122.6152,3566691.7759,34.220164699489146,117.1439155701484,44.54263806679689
1553743055.0,-2408696.4107,4698121.7493,3566691.8911,34.220169737571844,117.14391871778307,43.92576840662015
1553743056.0,-2408693.9439,4698103.9436,3566697.7572,34.220299499582964,117.14398305397674,33.19248336700151
1553743057.0,-2408693.9152,4698104.0335,3566697.682,34.22029859982663,117.14398233171092,33.20551509787387
1553743058.0,-2408693.9107,4698103.9769,3566697.6596,34.22029869860525,117.14398256848851,33.14957335527006
1553743059.0,-2408693.7803,4698103.9218,3566697.6095,34.220298875337285,117.14398158201207,33.031662161886906
1553743060.0,-2408693.8459,4698104.0487,3566697.6887,34.220298741486374,117.14398158721745,33.194324161682516
1553743061.0,-2408693.87,4698104.0478,3566697.7093,34.220298843362144,117.14398182440928,33.21433852688962
1553743062.0,-2408693.9063,4698104.1296,3566697.7678,34.220298826442765,117.14398176995837,33.32112093540892
1553743063.0,-2408693.9084,4698104.1461,3566697.7631,34.22029871211197,117.14398170854446,33.33141086537047
1553743064.0,-2408693.8963,4698104.1587,3566697.7743,34.220298766743184,117.14398152930937,33.34241601675479
1553743065.0,-2408693.9268,4698104.2268,3566697.7799,34.22029843071373,117.14398148667793,33.40718007610096
1553743066.0,-2408693.9138,4698104.2563,3566697.758,34.22029816444677,117.14398121507723,33.411666254209834
1553743067.0,-2408693.9133,4698104.2971,3566697.7526,34.22029794128426,117.1439810082422,33.43846188942251
1553743068.0,-2408693.9314,4698104.3489,3566697.7735,34.22029782152248,117.1439809265665,33.49515872946157
1553743069.0,-2408693.9245,4698104.362,3566697.8026,34.22029799530223,117.14398079507268,33.51856000515231
1553743070.0,-2408693.9267,4698104.3607,3566697.8274,34.22029818094484,117.14398082275474,33.532380326397764
1553743071.0,-2408693.9098,4698104.3376,3566697.8276,34.22029832573882,117.14398077392129,33.509120099347136
1553743072.0,-2408693.9098,4698104.3537,3566697.8321,34.22029828664929,117.14398069420794,33.523497351817944
1553743073.0,-2408693.8854,4698104.3329,3566697.8179,34.22029833107262,117.1439805615587,33.491001923173016
1553743074.0,-2408693.8747,4698104.3247,3566697.8065,34.22029830783627,117.1439804988272,33.474520641798044
1553743075.0,-2408693.8757,4698104.3261,3566697.8088,34.220298316352164,117.1439805015527,33.47722149128661
1553743076.0,-2408693.8676,4698104.3099,3566697.7835,34.22029821957881,117.14398050353876,33.448017533690745
1553743077.0,-2408693.8566,4698104.2654,3566697.751,34.22029820351535,117.14398061763647,33.3928469985675
1553743078.0,-2408693.8498,4698104.2476,3566697.738,34.22029820264111,117.14398064009855,33.369873392608646
1553743079.0,-2408693.8497,4698104.2547,3566697.7426,34.22029820513106,117.14398060397976,33.37764686009498
1553743080.0,-2408693.8465,4698104.2493,3566697.7471,34.22029827043855,117.14398059981323,33.37499698337385
1553743081.0,-2408693.8387,4698104.2276,3566697.7367,34.220298308852975,117.14398063192766,33.35023864698062
1553743082.0,-2408693.8426,4698104.2208,3566697.7406,34.22029835958172,117.14398070325804,33.348899662009565
1553743083.0,-2408693.8338,4698104.2126,3566697.7223,34.22029828051611,117.14398065887501,33.32925475349197
1553743084.0,-2408693.8393,4698104.2261,3566697.7207,34.220298194963725,117.14398064514863,33.34036325585389
1553743085.0,-2408693.8421,4698104.2353,3566697.7316,34.220298228234064,117.14398062663797,33.354318910197954
1553743086.0,-2408693.8365,4698104.2279,3566697.7258,34.22029823133638,117.14398060919673,33.343499545227694
1553743087.0,-2408693.8325,4698104.219,3566697.7089,34.22029815476247,117.14398061463352,33.325937680452
1553743088.0,-2408693.8221,4698104.193,3566697.6975,34.22029821113545,117.14398064292942,33.29647213877592
1553743089.0,-2408693.812,4698104.1826,3566697.6918,34.220298238925864,117.14398059688467,33.28180396828449
1553743090.0,-2408693.8055,4698104.1684,3566697.685,34.22029826733322,117.14398060441978,33.265079189987055
1553743091.0,-2408693.7964,4698104.1471,3566697.6754,34.22029831291338,117.14398062199956,33.24057465818717
1553743092.0,-2408693.7921,4698104.1409,3566697.6743,34.22029834263027,117.14398061117114,33.23377185578977
1553743093.0,-2408693.7969,4698104.1327,3566697.6749,34.22029837299416,117.14398069812447,33.229886415057145
1553743094.0,-2408693.7944,4698104.1217,3566697.6692,34.22029838591277,117.14398072844429,33.21764383136662
1553743095.0,-2408693.7963,4698104.1202,3566697.6672,34.220298373376664,117.1439807542195,33.21613213002196
1553743096.0,-2408693.8022,4698104.1153,3566697.6705,34.22029840643518,117.14398083545686,33.21660825313352
1553743097.0,-2408693.7948,4698104.1065,3566697.6608,34.220298390945125,117.14398080756446,33.20188644103731
1553743098.0,-2408693.7897,4698104.1037,3566697.6728,34.22029850482473,117.14398077217649,33.20465072891566
1553743099.0,-2408693.7867,4698104.0828,3566697.6626,34.22029853001858,117.14398084668403,33.18240429869414
1553743100.0,-2408693.7932,4698104.0867,3566697.6669,34.22029852944311,117.14398089014566,33.19014428371486
1553743101.0,-2408693.794,4698104.086,3566697.6613,34.220298489006716,117.14398090133713,33.18678170598565
1553743102.0,-2408693.8006,4698104.091,3566697.6685,34.22029850485482,117.14398094031822,33.19699969848823
1553743103.0,-2408693.8001,4698104.0819,3566697.6718,34.220298571664365,117.14398098054504,33.191971037411896
1553743104.0,-2408693.8043,4698104.0894,3566697.6862,34.220298635455954,117.14398098397126,33.207172274961266
1553743105.0,-2408693.8058,4698104.082,3566697.6853,34.2202986586621,117.14398103509532,33.20178700383059
1553743106.0,-2408693.7996,4698104.0796,3566697.6904,34.220298721846866,117.14398098710411,33.200550247095066
1553743107.0,-2408693.7992,4698104.0785,3566697.6901,34.22029872549833,117.14398098868755,33.19942124369722
1553743108.0,-2408693.7981,4698104.0563,3566697.6819,34.22029876707093,117.14398108798002,33.17805978159147
1553743109.0,-2408693.7989,4698104.0531,3566697.6808,34.220298771457365,117.14398111154935,33.17538836916499
1553743110.0,-2408693.8023,4698104.0618,3566697.6888,34.22029878397819,117.14398110130854,33.187571575014765
1553743111.0,-2408693.8128,4698104.0655,3566697.6841,34.2202987079645,117.14398118438872,33.191611995641125
1553743112.0,-2408693.8177,4698104.0562,3566697.6909,34.22029878927623,117.14398127775405,33.190441621333676
1553743113.0,-2408693.8149,4698104.0541,3566697.6868,34.22029877466397,117.14398126111159,33.18553438350998
1553743114.0,-2408693.817,4698104.0454,3566697.6808,34.22029876433033,117.1439813244664,33.17655078695219
1553743115.0,-2408693.8226,4698104.0487,3566697.6876,34.22029878717912,117.1439813622073,33.184915704096014
1553743116.0,-2408693.8167,4698104.0401,3566697.6751,34.2202987464453,117.1439813478103,33.169332270128365
1553743117.0,-2408693.82,4698104.0482,3566697.678,34.22029872388741,117.14398133957447,33.178168143324335
1553743118.0,-2408693.8197,4698104.0498,3566697.6835,34.220298758361615,117.1439813287555,33.18232533746499
1553743119.0,-2408693.8239,4698104.0534,3566697.6775,34.22029868768028,117.14398135149118,33.183184434309744
1553743120.0,-2408693.8288,4698104.0678,3566697.6853,34.22029866952568,117.1439813275145,33.200015157437875
1553743121.0,-2408693.8267,4698104.0605,3566697.6847,34.22029870284372,117.14398134337794,33.19351409378882
1553743122.0,-2408693.835,4698104.0699,3566697.6876,34.220298662856095,117.14398137699105,33.20519275442768
1553743123.0,-2408693.8307,4698104.0684,3566697.6875,34.22029867882361,117.14398134289227,33.202410640369536
1553743124.0,-2408693.8373,4698104.0762,3566697.6858,34.220298615696585,117.14398136801016,33.20968375381587
1553743125.0,-2408693.8391,4698104.081,3566697.6874,34.22029860180527,117.14398136162747,33.214794493834056
1553743126.0,-2408693.8439,4698104.0832,3566697.6877,34.22029858301413,117.14398139708898,33.21839277277417
1553743127.0,-2408693.8393,4698104.0719,3566697.688,34.22029864686915,117.14398140861424,33.208511487418654
1553743128.0,-2408693.8446,4698104.0856,3566697.6973,34.2202986421288,117.1439813919662,33.22582160443419
1553743129.0,-2408693.8461,4698104.0848,3566697.6924,34.22029860574246,117.14398141041276,33.22304318200752
1553743130.0,-2408693.8498,4698104.0804,3566697.6911,34.22029860734409,117.143981467929,33.22047033692694
1553743131.0,-2408693.8514,4698104.0793,3566697.6859,34.220298569843585,117.14398148882657,33.21734018274211
1553743132.0,-2408693.8527,4698104.0768,3566697.6818,34.22029854755267,117.14398151375865,33.21368533125137
1553743133.0,-2408693.8505,4698104.081,3566697.6929,34.22029861643587,117.14398147171828,33.222188173212054
1553743134.0,-2408693.8511,4698104.0857,3566697.703,34.220298669132724,117.14398145424218,33.23155283360746
1553743135.0,-2408693.8515,4698104.0943,3566697.6967,34.22029858244733,117.1439814155252,33.23448873620824
1553743136.0,-2408693.856,4698104.098,3566697.704,34.220298609762956,117.14398144066288,33.243014194044
1553743137.0,-2408693.8615,4698104.1043,3566697.7114,34.22029862378137,117.14398146258469,33.25388624368898
1553743138.0,-2408693.8544,4698104.1018,3566697.7048,34.220298602283776,117.14398140639722,33.24565658376463
1553743139.0,-2408693.8567,4698104.1071,3566697.7059,34.220298581253125,117.14398140236747,33.25104266190463
1553743140.0,-2408693.8631,4698104.1114,3566697.7086,34.22029856717753,117.14398144288293,33.2581394449438
1553743141.0,-2408693.8612,4698104.1091,3566697.7077,34.22029857523959,117.14398143592207,33.25522417102355
1553743142.0,-2408693.8635,4698104.1133,3566697.7142,34.220298599424645,117.14398143733862,33.26283769131633
1553743143.0,-2408693.8632,4698104.1103,3566697.7102,34.22029858383565,117.14398144929491,33.258267578708214
1553743144.0,-2408693.869,4698104.1173,3566697.7138,34.22029856567587,117.14398147064803,33.267630839274986
1553743145.0,-2408693.87,4698104.1194,3566697.7182,34.22029858668777,117.14398146990773,33.27202774621943
1553743146.0,-2408693.8749,4698104.1288,3566697.7279,34.22029860525343,117.14398147068677,33.28624792924359
1553743147.0,-2408693.8765,4698104.1283,3566697.7348,34.220298655242956,117.14398148861365,33.2903640144355
1553743148.0,-2408693.8796,4698104.1258,3566697.72,34.22029854902781,117.14398153092847,33.281370779299735
1553743149.0,-2408693.8767,4698104.123,3566697.7171,34.22029854674998,117.14398151678613,33.27658560409903
1553743150.0,-2408693.8746,4698104.1288,3566697.7154,34.22029851276873,117.1439814677896,33.27910504948958
1553743151.0,-2408693.8755,4698104.1295,3566697.7152,34.2202985060382,117.1439814730152,33.27984716472386
1553743152.0,-2408693.877,4698104.1261,3566697.718,34.22029853877955,117.14398150433469,33.27948593010084
1553743153.0,-2408693.8797,4698104.1217,3566697.7095,34.2202984890233,117.14398155219385,33.272486727805024
1553743154.0,-2408693.8867,4698104.1368,3566697.7132,34.22029843229089,117.14398154503125,33.288318993979715
1553743155.0,-2408693.8852,4698104.1276,3566697.7098,34.22029845192082,117.14398157609608,33.27907158357269
1553743156.0,-2408693.8835,4698104.128,3566697.7089,34.22029844733947,117.14398155769858,33.27821844982796
1553743157.0,-2408693.8871,4698104.1268,3566697.7128,34.22029847349816,117.14398159840546,33.28088683042017
1553743158.0,-2408693.8896,4698104.1199,3566697.705,34.22029844070105,117.14398165671106,33.272366316156976
1553743159.0,-2408693.8862,4698104.1159,3566697.6983,34.22029841666713,117.14398164368153,33.26437251097176
1553743160.0,-2408693.8951,4698104.1174,3566697.6998,34.220298400495906,117.1439817222029,33.26967728769028
1553743161.0,-2408693.8925,4698104.11,3566697.6978,34.22029842498557,117.14398173373287,33.2621266932967
1553743162.0,-2408693.8935,4698104.1147,3566697.698,34.220298402959784,117.14398172011961,33.266074725450466
1553743163.0,-2408693.8946,4698104.1217,3566697.6996,34.220298380762436,117.14398169608444,33.27254017587053
1553743164.0,-2408693.9003,4698104.1138,3566697.6977,34.22029838905549,117.14398179024384,33.26780906085132
1553743165.0,-2408693.9018,4698104.1188,3566697.705,34.22029841744524,117.14398177997376,33.27615933237864
1553743166.0,-2408693.9037,4698104.1125,3566697.6945,34.220298363202495,117.14398182951442,33.26633553940357
1553743167.0,-2408693.9021,4698104.1166,3566697.701,34.22029839685931,117.14398179376342,33.27240421507546
1553743168.0,-2408693.9032,4698104.1205,3566697.7055,34.2202984102648,117.14398178507676,33.278219544680184
1553743169.0,-2408693.8997,4698104.1148,3566697.6967,34.22029837847759,117.14398177949846,33.26775614418744
1553743170.0,-2408693.9001,4698104.1151,3566697.6975,34.2202983821624,117.14398178187594,33.26857768932706
1553743171.0,-2408693.8969,4698104.1003,3566697.6852,34.22029836464519,117.14398182425015,33.24956326909818
1553743172.0,-2408693.9045,4698104.1099,3566697.6935,34.220298365627514,117.14398185011304,33.26416185049986
1553743173.0,-2408693.9055,4698104.1043,3566697.6857,34.220298330435035,117.14398188749651,33.256032020415965
1553743174.0,-2408693.9,4698104.108,3566697.6902,34.220298360008464,117.14398181606332,33.25921036023168
1553743175.0,-2408693.9034,4698104.1051,3566697.6854,34.220298329446855,117.14398186325572,33.2556597393709
1553743176.0,-2408693.9016,4698104.1105,3566697.6904,34.22029834652001,117.14398181913683,33.26176595629292
1553743177.0,-2408693.8978,4698104.1041,3566697.6848,34.2202983424384,117.14398181412719,33.25247392108992
1553743178.0,-2408693.9011,4698104.1091,3566697.6836,34.22029830330334,117.14398182123988,33.256723038430714
1553743179.0,-2408693.9016,4698104.1011,3566697.6831,34.220298334511035,117.14398186567752,33.250743984346954
1553743180.0,-2408693.8958,4698104.1012,3566697.6806,34.22029832883946,117.14398180917131,33.24722359528609
1553743181.0,-2408693.8973,4698104.1047,3566697.6833,34.220298329706615,117.14398180632794,33.251883219448196
1553743182.0,-2408693.9038,4698104.1103,3566697.6802,34.220298266300006,117.14398184137262,33.25671249826827
1553743183.0,-2408693.8967,4698104.0984,3566697.68,34.22029833491718,117.14398183172587,33.245165420749764
1553743184.0,-2408693.9086,4698104.1039,3566697.6836,34.22029830941534,117.14398191941395,33.25572617031223
1553743185.0,-2408693.9047,4698104.0959,3566697.6787,34.220298318001305,117.14398192136042,33.24561277520839
1553743186.0,-2408693.907,4698104.1043,3566697.6817,34.2202982971484,117.14398190198214,33.25434838568908
1553743187.0,-2408693.8975,4698104.092,3566697.6804,34.22029836492158,117.14398187113886,33.24098297801355
1553743188.0,-2408693.9002,4698104.0981,3566697.6733,34.22029827823144,117.14398186701102,33.242497118290665
1553743189.0,-2408693.8957,4698104.0954,3566697.6736,34.22029830305698,117.14398183692221,33.23898153215276
1553743190.0,-2408693.8952,4698104.0907,3566697.6699,34.22029829783627,117.14398185536402,33.23325380463523
1553743191.0,-2408693.9056,4698104.0881,3566697.6658,34.22029825494837,117.14398196867067,33.232958317853324
1553743192.0,-2408693.902,4698104.0881,3566697.6744,34.22029832738198,117.14398193390517,33.23643666633947
1553743193.0,-2408693.9011,4698104.0913,3566697.6698,34.220298280737396,117.14398190937014,33.23586480851888
1553743194.0,-2408693.9081,4698104.0883,3566697.6642,34.220298236336774,117.14398199182318,33.23314879224916
1553743195.0,-2408693.9035,4698104.0927,3566697.6695,34.220298266633975,117.14398192561553,33.237631622521285
1553743196.0,-2408693.906,4698104.0896,3566697.6649,34.220298240547194,117.1439819651068,33.23370679274905
1553743197.0,-2408693.9082,4698104.0851,3566697.6674,34.22029827439574,117.1439820086325,33.232631525643484
1553743198.0,-2408693.9071,4698104.0845,3566697.6632,34.22029824833886,117.14398200098042,33.22941308857513
1553743199.0,-2408693.9077,4698104.0836,3566697.6679,34.2202982860465,117.14398201123068,33.23162037500573
1553743200.0,-2408693.9091,4698104.0854,3566697.6714,34.22029830077778,117.14398201583857,33.23544129866539
1553743201.0,-2408693.9052,4698104.0737,3566697.6641,34.220298308165695,117.14398203610423,33.22125569846967
1553743202.0,-2408693.9043,4698104.0763,3566697.6649,34.22029830448112,117.1439820145399,33.223279187638695
1553743203.0,-2408693.9056,4698104.0789,3566697.6731,34.22029835086971,117.14398201422117,33.23029420313119
1553743204.0,-2408693.9029,4698104.0718,3566697.6744,34.220298398836405,117.14398202330013,33.224782467761266
1553743205.0,-2408693.909,4698104.0784,3566697.675,34.22029835942443,117.14398204953082,33.232277451400236
1553743206.0,-2408693.9063,4698104.0776,3566697.677,34.220298384187195,117.14398202741761,33.23179498982866
1553743207.0,-2408693.9045,4698104.073,3566697.6757,34.22029839941251,117.14398203281011,33.22700012522604
1553743208.0,-2408693.9009,4698104.0647,3566697.6728,34.22029842356657,117.14398203913903,33.21790391386664
1553743209.0,-2408693.9038,4698104.0646,3566697.6786,34.22029846054494,117.1439820676397,33.22218613166236
1553743210.0,-2408693.9029,4698104.0643,3566697.6768,34.22029845056233,117.14398206043366,33.220613589417205
1553743211.0,-2408693.9038,4698104.067,3566697.6799,34.22029845940811,117.14398205575698,33.22468316678031
1553743212.0,-2408693.8989,4698104.0579,3566697.673,34.22029846036103,117.14398205349259,33.21225838146235
1553743213.0,-2408693.8953,4698104.0564,3566697.6754,34.220298493345176,117.1439820261538,33.21114628071126
1553743214.0,-2408693.9007,4698104.0597,3566697.6723,34.22029844285912,117.14398206196333,33.2138682199171
1553743215.0,-2408693.8954,4698104.0481,3566697.6719,34.22029850446864,117.14398206821396,33.20310845716858
1553743216.0,-2408693.9022,4698104.0584,3566697.6699,34.22029842736419,117.14398208288542,33.212127833918764
1553743217.0,-2408693.8983,4698104.0506,3566697.6686,34.22029846188331,117.14398208384168,33.20418615701141
1553743218.0,-2408693.9055,4698104.0643,3566697.6764,34.22029844156686,117.14398208554208,33.22136947949409
1553743219.0,-2408693.9025,4698104.0515,3566697.6731,34.220298481652804,117.14398211994539,33.20896351631124
1553743220.0,-2408693.9046,4698104.0562,3566697.672,34.22029844739216,117.14398211695494,33.212595431421704
1553743221.0,-2408693.9043,4698104.0477,3566697.6637,34.22029842456252,117.1439821561425,33.20156014104186
1553743222.0,-2408693.9086,4698104.0552,3566697.6732,34.2202984515968,117.1439821605344,33.21404345843489
1553743223.0,-2408693.9085,4698104.0501,3566697.665,34.22029841371118,117.14398218481952,33.20564161107047
1553743224.0,-2408693.9048,4698104.0585,3566697.6768,34.22029847233389,117.14398210749874,33.21706265324489
1553743225.0,-2408693.9096,4698104.0571,3566697.6717,34.22029842953069,117.14398216078432,33.214975181976946
1553743226.0,-2408693.9077,4698104.0542,3566697.68,34.220298508879054,117.14398215679418,33.21679228427
1553743227.0,-2408693.9042,4698104.047,3566697.6676,34.220298457023524,117.14398215864257,33.203200617608424
1553743228.0,-2408693.9066,4698104.0567,3566697.6722,34.22029844200135,117.14398213379353,33.21383030542753
1553743229.0,-2408693.9082,4698104.0515,3566697.6708,34.22029845132395,117.1439821749908,33.20982035509688
1553743230.0,-2408693.9153,4698104.0554,3566697.6681,34.220298397180684,117.14398222424668,33.21385005332647
1553743231.0,-2408693.9127,4698104.0471,3566697.6684,34.22029844287549,117.14398224023269,33.20693069385506
1553743232.0,-2408693.9136,4698104.0463,3566697.6607,34.220298387004924,117.143982252885,33.202351268455
1553743233.0,-2408693.9143,4698104.0564,3566697.6681,34.220298394982244,117.14398220963847,33.214208616534926
1553743234.0,-2408693.9126,4698104.0406,3566697.6562,34.220298381488696,117.14398227144942,33.19524920595194
1553743235.0,-2408693.9239,4698104.0561,3566697.669,34.220298380839914,117.14398230383183,33.21811557966084
1553743236.0,-2408693.9213,4698104.0482,3566697.6581,34.22029834124213,117.14398231783741,33.205191930016206
1553743237.0,-2408693.923,4698104.0469,3566697.6515,34.220298293976604,117.14398234069094,33.201165010808346
1553743238.0,-2408693.9262,4698104.051,3566697.6532,34.22029828075054,117.14398235129396,33.20634506519553
1553743239.0,-2408693.9246,4698104.0438,3566697.6433,34.22029824313607,117.14398237149082,33.194876103652255
1553743240.0,-2408693.9244,4698104.0415,3566697.6446,34.220298263665505,117.14398238094701,33.19383937980997
1553743241.0,-2408693.9318,4698104.0492,3566697.6466,34.220298226720104,117.14398241428569,33.20342150080505
1553743242.0,-2408693.932,4698104.0462,3566697.6407,34.220298195811466,117.14398243107051,33.1979714969639
1553743243.0,-2408693.9297,4698104.0387,3566697.6369,34.22029820664065,117.14398244599276,33.18944821789112
1553743244.0,-2408693.9343,4698104.0454,3566697.6408,34.22029819484617,117.1439824572427,33.19830675352889
1553743245.0,-2408693.9325,4698104.0448,3566697.6346,34.22029815549981,117.14398244283065,33.19369948834994
1553743246.0,-2408693.9335,4698104.0402,3566697.636,34.22029818437535,117.14398247526297,33.19147933130655
1553743247.0,-2408693.9366,4698104.0407,3566697.6324,34.22029814811397,117.14398250272438,33.19099214704292
1553743248.0,-2408693.9345,4698104.0421,3566697.6351,34.22029816678182,117.14398247551289,33.1927484822435
1553743249.0,-2408693.9336,4698104.0406,3566697.6367,34.22029818755749,117.14398247424823,33.19220504457569
1553743250.0,-2408693.9328,4698104.0431,3566697.643,34.22029822509134,117.1439824541447,33.19728574654893
1553743251.0,-2408693.9352,4698104.0387,3566697.6418,34.22029823044527,117.14398249910676,33.194278718436365
1553743252.0,-2408693.937,4698104.0458,3566697.6429,34.22029820245056,117.14398248133641,33.20080063485353
1553743253.0,-2408693.9373,4698104.0417,3566697.6345,34.220298157637465,117.14398250453321,33.19317302084234
1553743254.0,-2408693.9363,4698104.0338,3566697.6311,34.22029817024607,117.14398253399011,33.185070787924026
1553743255.0,-2408693.9378,4698104.0308,3566697.6333,34.22029819671029,117.14398256332916,33.184666452204205
1553743256.0,-2408693.934,4698104.0307,3566697.6311,34.220298189551315,117.14398252712733,33.18192210615131
1553743257.0,-2408693.9342,4698104.0302,3566697.6286,34.220298172708716,117.14398253153433,33.18022370874157
1553743258.0,-2408693.935,4698104.0355,3566697.6332,34.22029818123754,117.14398251301894,33.18701223700611
1553743259.0,-2408693.9385,4698104.0326,3566697.6241,34.220298118391206,117.14398256117708,33.181081122748886
1553743260.0,-2408693.9398,4698104.0383,3566697.6213,34.22029806879724,117.1439825455098,33.1841910126346
1553743261.0,-2408693.931,4698104.0343,3566697.6247,34.220298132541714,117.14398248033199,33.17984007779202
1553743262.0,-2408693.9384,4698104.0447,3566697.625,34.2202980707432,117.14398250030257,33.19045285017605
1553743263.0,-2408693.9342,4698104.0457,3566697.6246,34.22029807296459,117.14398245479168,33.18937927504801
1553743264.0,-2408693.9364,4698104.0483,3566697.6347,34.220298131434646,117.14398246316428,33.19780232581928
1553743265.0,-2408693.9378,4698104.0534,3566697.6248,34.2202980313908,117.1439824514334,33.19651558202426
1553743266.0,-2408693.9392,4698104.0509,3566697.6262,34.22029804986716,117.14398247733119,33.19599152688898
1553743267.0,-2408693.9389,4698104.0488,3566697.6288,34.22029807941619,117.14398248483145,33.19579532795274
1553743268.0,-2408693.9402,4698104.0575,3566697.631,34.22029805355942,117.14398245431074,33.20392453250576
1553743269.0,-2408693.9397,4698104.0558,3566697.6333,34.220298079530174,117.14398245789916,33.20377849636078
1553743270.0,-2408693.9342,4698104.0505,3566697.6253,34.22029805652779,117.14398243102622,33.19330483064463
1553743271.0,-2408693.9414,4698104.0496,3566697.6296,34.22029807598803,117.14398250501327,33.19777699400242
1553743272.0,-2408693.9457,4698104.056,3566697.6323,34.22029805729573,117.14398251485146,33.205626761066135
1553743273.0,-2408693.9407,4698104.0504,3566697.6246,34.22029803672655,117.1439824942924,33.19528968918047
1553743274.0,-2408693.9406,4698104.0544,3566697.627,34.22029803680247,117.14398247352212,33.199544912011305
1553743275.0,-2408693.937,4698104.0488,3566697.6203,34.220298020449405,117.143982466483,33.19029836083467
1553743276.0,-2408693.9404,4698104.056,3566697.6237,34.220298005447646,117.14398246366888,33.19879091737985
1553743277.0,-2408693.9321,4698104.0414,3566697.6165,34.220298036841214,117.14398245580169,33.180867821746844
1553743278.0,-2408693.9375,4698104.0479,3566697.6163,34.22029799353605,117.14398247576756,33.18757524843159
1553743279.0,-2408693.9302,4698104.0383,3566697.6125,34.22029802540413,117.14398245280174,33.17562053297057
1553743280.0,-2408693.9311,4698104.04,3566697.6123,34.220298014162175,117.14398245307618,33.17709845792683
1553743281.0,-2408693.9261,4698104.0364,3566697.6043,34.22029798233388,117.14398242261485,33.168064294387264
1553743282.0,-2408693.9296,4698104.0319,3566697.6105,34.220298040756404,117.14398247869482,33.169560241627295
1553743283.0,-2408693.9314,4698104.0318,3566697.5995,34.22029795504702,117.14398249657268,33.163979563520506
1553743284.0,-2408693.9273,4698104.0358,3566697.6126,34.220298044135745,117.14398243717407,33.172743227146775
1553743285.0,-2408693.9225,4698104.0248,3566697.6062,34.22029805715621,117.14398244528255,33.159239314881624
1553743286.0,-2408693.921,4698104.0222,3566697.5938,34.220297979922194,117.14398244366988,33.14978686817635
1553743287.0,-2408693.9174,4698104.0154,3566697.5942,34.220298021908285,117.14398244257214,33.14365021563522
1553743288.0,-2408693.9245,4698104.0216,3566697.5978,34.22029800435076,117.1439824804404,33.15291525068409
1553743289.0,-2408693.9239,4698104.0221,3566697.5996,34.220298016900564,117.14398247217056,33.15406908587984
1553743290.0,-2408693.9167,4698104.0131,3566697.5903,34.2202980048319,117.14398244719979,33.139500511388576
1553743291.0,-2408693.9203,4698104.0162,3566697.5915,34.22029799146492,117.14398246661676,33.14381446474952
1553743292.0,-2408693.9126,4698104.0115,3566697.5826,34.22029796413538,117.14398241552757,33.13244620575401
1553743293.0,-2408693.9038,4698104.0009,3566697.5866,34.22029806212779,117.14398238302726,33.123576343849564
1553743294.0,-2408693.9087,4698104.0108,3566697.5939,34.22029806054745,117.1439823813307,33.136814728534844
1553743295.0,-2408693.9079,4698104.0049,3566697.589,34.2202980524892,117.14398240281676,33.12941600288124
1553743296.0,-2408693.9021,4698103.9961,3566697.5814,34.22029804895237,117.14398239037568,33.11647877455128
1553743297.0,-2408693.9052,4698104.0068,3566697.5883,34.22029804494455,117.14398236733545,33.129401813276175
1553743298.0,-2408693.9065,4698104.0109,3566697.5857,34.220298004059714,117.14398235959001,33.13144688103227
1553743299.0,-2408693.8997,4698103.9963,3566697.5777,34.22029802602038,117.14398236620845,33.113639751451835
1553743300.0,-2408693.8994,4698103.9989,3566697.58,34.22029803212945,117.14398235043835,33.116733153506175
1553743301.0,-2408693.8994,4698104.0051,3566697.5858,34.22029804739353,117.1439823197413,33.12455696415281
1553743302.0,-2408693.8947,4698103.9889,3566697.5797,34.22029808587835,117.14398235456144,33.107433272028
1553743303.0,-2408693.89,4698103.9852,3566697.5673,34.22029802100844,117.14398232749237,33.095964246013864
1553743304.0,-2408693.8963,4698103.9894,3566697.5696,34.22029800463356,117.14398236753722,33.102724769466555
1553743305.0,-2408693.8945,4698103.99,3566697.5761,34.22029805454295,117.14398234718377,33.10614266061782
1553743306.0,-2408693.8877,4698103.9907,3566697.569,34.22029801418778,117.14398227804978,33.10009957679164
1553743307.0,-2408693.8893,4698103.9957,3566697.5694,34.22029799091164,117.14398226874542,33.104607178712826
1553743308.0,-2408693.8854,4698103.9858,3566697.5719,34.22029806323102,117.14398228009904,33.09725732892945
1553743309.0,-2408693.8888,4698103.9858,3566697.5724,34.22029805909403,117.14398231293316,33.09882115398088
1553743310.0,-2408693.8856,4698103.9836,3566697.5687,34.22029804883982,117.14398229292298,33.0939143887771
1553743311.0,-2408693.8775,4698103.9788,3566697.556,34.22029799456032,117.14398223846604,33.08018461845633
1553743312.0,-2408693.8804,4698103.981,3566697.556,34.22029797792756,117.14398225557912,33.08289741802713
1553743313.0,-2408693.875,4698103.9701,3566697.5469,34.220297971758086,117.14398225739824,33.067722321937104
1553743314.0,-2408693.873,4698103.9703,3566697.5495,34.22029799486292,117.14398223709382,33.06857717021061
1553743315.0,-2408693.8764,4698103.9684,3566697.5488,34.22029799035248,117.14398227933509,33.068068102423396
1553743316.0,-2408693.8771,4698103.9738,3566697.5419,34.22029791293715,117.14398225935894,33.068425159349744
1553743317.0,-2408693.8746,4698103.9761,3566697.5513,34.22029797841365,117.14398222382857,33.07446074489966
1553743318.0,-2408693.8831,4698103.9892,3566697.5508,34.220297895926585,117.14398224105389,33.08702527714819
1553743319.0,-2408693.8748,4698103.9824,3566697.5474,34.22029792045739,117.14398219456783,33.07697853679373
1553743320.0,-2408693.8759,4698103.9714,3566697.5413,34.22029792206755,117.14398225965311,33.065869090966395
1553743321.0,-2408693.8695,4698103.9627,3566697.5419,34.22029798059255,117.1439822409227,33.05739058221271
1553743322.0,-2408693.8688,4698103.9679,3566697.5446,34.22029797887883,117.1439822084168,33.062471143777465
1553743323.0,-2408693.8763,4698103.9743,3566697.539,34.22029789091438,117.14398224915767,33.066860376651896
1553743324.0,-2408693.87,4698103.9785,3566697.5462,34.220297940209086,117.14398216752323,33.071623239206616
1553743325.0,-2408693.8676,4698103.9705,3566697.5374,34.22029791625384,117.14398218395533,33.059882446673825
1553743326.0,-2408693.8681,4698103.9621,3566697.5303,34.22029790006783,117.14398223037344,33.04989738444011
1553743327.0,-2408693.8643,4698103.9548,3566697.5199,34.22029786426591,117.14398222981983,33.0372437144272
1553743328.0,-2408693.8672,4698103.9649,3566697.5339,34.220297916352976,117.14398220781888,33.053642689445496
1553743329.0,-2408693.8548,4698103.9551,3566697.5314,34.22029797061011,117.14398213659216,33.04034794326217
1553743330.0,-2408693.8599,4698103.952,3566697.5273,34.220297942236726,117.14398220119185,33.03768514238049
1553743331.0,-2408693.8502,4698103.9494,3566697.5283,34.22029798385662,117.14398212039106,33.03267511978393
1553743332.0,-2408693.8476,4698103.942,3566697.5212,34.22029797032941,117.14398213192108,33.02225640340476
1553743333.0,-2408693.8472,4698103.9407,3566697.5189,34.22029795997458,117.14398213449469,33.019855486850346
1553743334.0,-2408693.8505,4698103.9345,3566697.5163,34.2202979609314,117.14398219706017,33.015076191520535
1553743335.0,-2408693.8519,4698103.9403,3566697.5214,34.220297969543864,117.14398218186346,33.02274016058369
1553743336.0,-2408693.8451,4698103.95,3566697.5252,34.220297969837674,117.14398206816922,33.02944928184924
1553743337.0,-2408693.8481,4698103.9309,3566697.514,34.220297965578794,117.14398219170727,33.01022841481086
1553743338.0,-2408693.8455,4698103.943,3566697.5168,34.22029793787639,117.14398210669003,33.01972554136422
1553743339.0,-2408693.8452,4698103.93,3566697.5158,34.22029798976443,117.14398216815772,33.00948444781386
1553743340.0,-2408693.8462,4698103.9266,3566697.5059,34.22029792899282,117.1439821946487,33.00179241002775
1553743341.0,-2408693.8384,4698103.9287,3566697.5097,34.22029796588639,117.14398210892602,33.002532120677905
1553743342.0,-2408693.8347,4698103.9231,3566697.5134,34.22029802728921,117.14398210092115,32.9990965604463
1553743343.0,-2408693.8332,4698103.919,3566697.5128,34.22029804478294,117.1439821067352,32.99517643814479
1553743344.0,-2408693.8255,4698103.9041,3566697.5035,34.22029806048814,117.14398210614759,32.976077955866295
1553743345.0,-2408693.8256,4698103.9023,3566697.5046,34.220298076577116,117.14398211602537,32.975409834028014
1553743346.0,-2408693.8279,4698103.9076,3566697.506,34.22029805778274,117.14398211199563,32.980964626454806
1553743347.0,-2408693.8215,4698103.897,3566697.4946,34.220298035427966,117.14398210267233,32.96433956264996
1553743348.0,-2408693.8155,4698103.8982,3566697.4964,34.22029805730987,117.14398203878845,32.963971333937785
1553743349.0,-2408693.8154,4698103.8954,3566697.4935,34.220298048555705,117.14398205168594,32.96024244509583
1553743350.0,-2408693.8123,4698103.8925,3566697.4927,34.22029806284563,117.14398203610726,32.95648922796753
1553743351.0,-2408693.8145,4698103.8894,3566697.49,34.22029805161589,117.14398207270138,32.95351973994223
1553743352.0,-2408693.8099,4698103.8941,3566697.4862,34.220298012725635,117.14398200500845,32.95310568857399
1553743353.0,-2408693.8089,4698103.895,3566697.4843,34.2202979968152,117.14398199089533,32.95232215514883
1553743354.0,-2408693.8116,4698103.888,3566697.4818,34.22029800351436,117.14398205162745,32.946784104101596
1553743355.0,-2408693.8085,4698103.8861,3566697.4812,34.220298014783715,117.14398203109762,32.94387917341179
1553743356.0,-2408693.8124,4698103.9019,3566697.4895,34.220297996353274,117.14398199053227,32.96164397338102
1553743357.0,-2408693.8073,4698103.8905,3566697.4826,34.220298008145065,117.14398199772411,32.94745137256771
1553743358.0,-2408693.807,4698103.8893,3566697.4825,34.220298013507225,117.14398200076832,32.94639898685623
1553743359.0,-2408693.8044,4698103.8952,3566697.4791,34.220297967559034,117.14398194644819,32.94784735304756
1553743360.0,-2408693.8089,4698103.8984,3566697.4821,34.220297965076945,117.14398197406145,32.953586686884165
1553743361.0,-2408693.8101,4698103.8989,3566697.4839,34.22029797346337,117.14398198317437,32.95541956418624
1553743362.0,-2408693.8083,4698103.8896,3566697.4834,34.22029801585578,117.14398201183722,32.947616290662374
1553743363.0,-2408693.8124,4698103.8981,3566697.4859,34.22029798666123,117.1439820093466,32.95682333523486
1553743364.0,-2408693.8009,4698103.8869,3566697.4786,34.22029800937209,117.14398195374284,32.94013857072345
1553743365.0,-2408693.7988,4698103.8737,3566697.4744,34.220298042472066,117.14398199881802,32.92727166591846
1553743366.0,-2408693.7979,4698103.8741,3566697.4737,34.22029803753117,117.14398198814617,32.926832805363176
1553743367.0,-2408693.7958,4698103.8722,3566697.4731,34.22029804648756,117.14398197727346,32.92430512049942
1553743368.0,-2408693.8002,4698103.8787,3566697.4827,34.22029807854738,117.14398198758224,32.93614659090085
1553743369.0,-2408693.7996,4698103.8729,3566697.4844,34.22029811877369,117.1439820105046,32.93260857723982
1553743370.0,-2408693.7954,4698103.8718,3566697.4805,34.22029810437904,117.14398197539106,32.92802148224321
1553743371.0,-2408693.7927,4698103.8648,3566697.476,34.22029810865972,117.1439819839749,32.919321545171954
1553743372.0,-2408693.7989,4698103.864,3566697.4747,34.2202980882378,117.14398204780976,32.92034073683809
1553743373.0,-2408693.7914,4698103.8628,3566697.4735,34.22029810205371,117.14398198132298,32.91595356290354
1553743374.0,-2408693.7925,4698103.8613,3566697.4735,34.220298106276566,117.14398199937249,32.91526481643891
1553743375.0,-2408693.7874,4698103.853,3566697.4645,34.22029808842894,117.14398199121578,32.902172241388314
1553743376.0,-2408693.7918,4698103.861,3566697.4716,34.22029809508593,117.14398199409789,32.91371148507235
1553743377.0,-2408693.7931,4698103.8584,3566697.4724,34.220298109772166,117.14398201952504,32.912738698963835
1553743378.0,-2408693.7886,4698103.8539,3566697.4625,34.22029806668451,117.14398199834825,32.90216241453692
1553743379.0,-2408693.7896,4698103.8577,3566697.4617,34.22029804126471,117.143981989191,32.90488584205014
1553743380.0,-2408693.7923,4698103.842,3566697.4525,34.22029803726949,117.14398209299804,32.88917831046061
1553743381.0,-2408693.7867,4698103.8413,3566697.4515,34.22029804592587,117.14398204238415,32.885988286782435
1553743382.0,-2408693.792,4698103.8465,3566697.4528,34.22029801989828,117.14398206782079,32.89254499987834
1553743383.0,-2408693.7869,4698103.8387,3566697.4484,34.22029803408467,117.14398205718854,32.88240726000809
1553743384.0,-2408693.7909,4698103.8308,3566697.453,34.22029809476268,117.14398213493091,32.88069027109831
1553743385.0,-2408693.7886,4698103.8373,3566697.453,34.22029807075831,117.1439820805372,32.8846053756296
1553743386.0,-2408693.7875,4698103.8382,3566697.4564,34.2202980945869,117.14398206545837,32.88676471418855
1553743387.0,-2408693.7865,4698103.827,3566697.4495,34.22029809599318,117.14398211125402,32.874265986178756
1553743388.0,-2408693.7854,4698103.8377,3566697.4585,34.22029811735387,117.14398204765403,32.88678558177103
1553743389.0,-2408693.788,4698103.8263,3566697.4516,34.2202981113357,117.14398212920547,32.87549777882526
1553743390.0,-2408693.7872,4698103.835,3566697.4549,34.2202980985359,117.14398207840487,32.883453379786985
1553743391.0,-2408693.7885,4698103.8378,3566697.459,34.22029811345964,117.14398207709588,32.88830981288939
1553743392.0,-2408693.784,4698103.8219,3566697.4526,34.22029814789215,117.14398211236214,32.871313599503665
1553743393.0,-2408693.7872,4698103.8312,3566697.4613,34.22029816338673,117.14398209721921,32.88425650635247
1553743394.0,-2408693.7907,4698103.8352,3566697.4609,34.22029813426391,117.14398211121444,32.88829516283644
1553743395.0,-2408693.7895,4698103.8248,3566697.4568,34.220298153395646,117.14398215111781,32.87788429027351
1553743396.0,-2408693.7852,4698103.8219,3566697.4549,34.22029816226143,117.14398212395062,32.87305976268403
1553743397.0,-2408693.7929,4698103.8363,3566697.4591,34.22029811079507,117.14398212701381,32.88892222059391
1553743398.0,-2408693.7868,4698103.8271,3566697.4632,34.22029819697188,117.14398211365604,32.88215729762501
1553743399.0,-2408693.7919,4698103.8325,3566697.4632,34.220298160814025,117.14398213617105,32.88805463411772
1553743400.0,-2408693.7964,4698103.8348,3566697.4687,34.22029818102793,117.14398216824031,32.89453768000576
1553743401.0,-2408693.7925,4698103.8313,3566697.4706,34.220298220001666,117.14398214790667,32.89155959401961
1553743402.0,-2408693.7942,4698103.828,3566697.4692,34.220298220521286,117.14398218066248,32.888985411362576
1553743403.0,-2408693.7968,4698103.827,3566697.4665,34.220298198892365,117.14398221072204,32.887712024441754
1553743404.0,-2408693.7959,4698103.8225,3566697.4619,34.2202981869857,117.14398222431079,32.88147442075448
1553743405.0,-2408693.7933,4698103.8156,3566697.4586,34.22029819952908,117.14398223336522,32.87356064360061
1553743406.0,-2408693.7972,4698103.82,3566697.4629,34.22029820271167,117.14398224924282,32.880687691366056
1553743407.0,-2408693.7909,4698103.8097,3566697.4586,34.22029823169761,117.14398223939993,32.86831396448188
1553743408.0,-2408693.7922,4698103.812,3566697.4581,34.22029821458734,117.14398224056653,32.87021556248325
1553743409.0,-2408693.7952,4698103.8115,3566697.4572,34.220298203195235,117.14398227201337,32.870473258576006
1553743410.0,-2408693.7972,4698103.8171,3566697.4639,34.22029822324907,117.14398226360116,32.87911621609922
1553743411.0,-2408693.7984,4698103.8083,3566697.4561,34.22029820203051,117.14398231875968,32.86870723830298
1553743412.0,-2408693.7952,4698103.8043,3566697.4618,34.220298269967174,117.14398230766157,32.86776234986049
1553743413.0,-2408693.7946,4698103.8076,3566697.4579,34.22029822739555,117.14398228552855,32.86777090987012
1553743414.0,-2408693.7993,4698103.8085,3566697.4549,34.2202981901014,117.14398232646086,32.86851907130194
1553743415.0,-2408693.7972,4698103.8181,3566697.4668,34.22029824035508,117.14398225865001,32.881482916156095
1553743416.0,-2408693.8,4698103.8065,3566697.4593,34.22029823030403,117.14398234312308,32.86978597674874
1553743417.0,-2408693.7964,4698103.8019,3566697.4545,34.2202982236027,117.1439823311328,32.86234375209242
1553743418.0,-2408693.797,4698103.8023,3566697.453,34.220298209228915,117.14398233494661,32.86202086072975
1553743419.0,-2408693.7955,4698103.7951,3566697.4499,34.2202982220723,117.14398235610916,32.854413782830434
1553743420.0,-2408693.7956,4698103.7906,3566697.448,34.220298227979235,117.14398237935501,32.85007184427677
1553743421.0,-2408693.7917,4698103.7892,3566697.45,34.220298258224425,117.14398234862396,32.84869519988964
1553743422.0,-2408693.794,4698103.7885,3566697.4454,34.220298221772836,117.14398237430106,32.84646086675864
1553743423.0,-2408693.7862,4698103.7709,3566697.432,34.22029821932758,117.14398238611584,32.82303222687951
1553743424.0,-2408693.7923,4698103.7921,3566697.4463,34.22029821617265,117.14398234005989,32.84897460771692
1553743425.0,-2408693.793,4698103.7838,3566697.4426,34.22029822441747,117.14398238791432,32.84105065668902
1553743426.0,-2408693.7965,4698103.7941,3566697.4503,34.22029822725246,117.1439823707174,32.854280170300726
1553743427.0,-2408693.7909,4698103.7903,3566697.4483,34.22029824243996,117.14398233545204,32.84824675473366
1553743428.0,-2408693.7914,4698103.7863,3566697.4476,34.22029825411114,117.14398236008516,32.84509847111377
1553743429.0,-2408693.7889,4698103.7839,3566697.4457,34.22029825655784,117.14398234782517,32.84132089337935
1553743430.0,-2408693.7893,4698103.7847,3566697.4416,34.22029822146095,117.14398234772709,32.83975469617701
1553743431.0,-2408693.7894,4698103.7771,3566697.4351,34.22029820706355,117.14398238632145,32.83054481070919
1553743432.0,-2408693.7813,4698103.7722,3566697.4382,34.22029827101294,117.14398233235964,32.82562700743654
1553743433.0,-2408693.7872,4698103.7848,3566697.4481,34.22029827431994,117.14398232695208,32.842691506991656
1553743434.0,-2408693.7819,4698103.7799,3566697.4419,34.220298262468084,117.14398230003007,32.83359989321828
1553743435.0,-2408693.7831,4698103.779,3566697.4452,34.22029828835194,117.14398231607463,32.83524619976302
1553743436.0,-2408693.7887,4698103.7818,3566697.4448,34.220298259785565,117.14398235629113,32.839194101110394
1553743437.0,-2408693.7871,4698103.7831,3566697.4497,34.220298294147504,117.14398233440332,32.842302705073934
1553743438.0,-2408693.7893,4698103.7882,3566697.4467,34.22029824368784,117.14398233039809,32.84519815662773
1553743439.0,-2408693.7861,4698103.7828,3566697.4492,34.22029829408675,117.14398232623157,32.841423528571696
1553743440.0,-2408693.7805,4698103.7779,3566697.4486,34.220298324672825,117.14398229641243,32.83536804779325
1553743441.0,-2408693.783,4698103.7813,3566697.4528,34.220298334859564,117.1439823037213,32.841174902408326
1553743442.0,-2408693.7872,4698103.7851,3566697.4413,34.22029822227734,117.14398232546674,32.839088090327884
1553743443.0,-2408693.7828,4698103.7763,3566697.4415,34.220298273645795,117.14398232654557,32.83106554385996
1553743444.0,-2408693.7878,4698103.7769,3566697.4361,34.22029821912089,117.14398237186035,32.830356430402496
1553743445.0,-2408693.7835,4698103.7682,3566697.4324,34.220298240735175,117.14398237340978,32.8202519227754
1553743446.0,-2408693.7828,4698103.7677,3566697.4332,34.2202982505734,117.14398236912537,32.820069845820356
1553743447.0,-2408693.783,4698103.7805,3566697.4367,34.22029821845466,117.14398230768222,32.831531992738846
1553743448.0,-2408693.7882,4698103.7771,3566697.4378,34.22029822996571,117.14398237473294,32.831610531211375
1553743449.0,-2408693.7875,4698103.7725,3566697.4321,34.22029820984787,117.14398239074823,32.82475618319762
1553743450.0,-2408693.7894,4698103.7746,3566697.4311,34.220298188524936,117.1439823986993,32.82645577877452
1553743451.0,-2408693.7853,4698103.7723,3566697.4364,34.22029824789215,117.14398237049285,32.82619729625995
1553743452.0,-2408693.7912,4698103.7714,3566697.4299,34.22029818985297,117.14398243192569,32.82410537654147
1553743453.0,-2408693.7909,4698103.7675,3566697.4257,34.22029817683338,117.14398244833802,32.81876055815732
1553743454.0,-2408693.7897,4698103.7605,3566697.4183,34.220298156027155,117.14398247140747,32.80899560008617
1553743455.0,-2408693.7911,4698103.7645,3566697.4245,34.220298180959894,117.14398246512286,32.81595372247816
1553743456.0,-2408693.7819,4698103.7565,3566697.4233,34.22029822938552,117.14398241588674,32.80592171338511
1553743457.0,-2408693.7838,4698103.7591,3566697.4166,34.22029816331743,117.14398242136227,32.80478366970218
1553743458.0,-2408693.7887,4698103.7541,3566697.4127,34.2202981454692,117.1439824934377,32.800759855557295
1553743459.0,-2408693.7894,4698103.7505,3566697.4096,34.22029813698292,117.14398251802176,32.79663164106125
1553743460.0,-2408693.7894,4698103.7511,3566697.4072,34.22029811638578,117.14398251505108,32.79572342417877
1553743461.0,-2408693.7967,4698103.7662,3566697.4204,34.22029812977521,117.14398251078559,32.8170114390186
1553743462.0,-2408693.7923,4698103.7543,3566697.4093,34.2202981108956,117.14398252721297,32.80035302505098
1553743463.0,-2408693.7896,4698103.753,3566697.4126,34.220298147604645,117.14398250757532,32.80023374581198
1553743464.0,-2408693.7937,4698103.7613,3566697.409,34.220298073841214,117.14398250607492,32.80586313457598
1553743465.0,-2408693.7921,4698103.7543,3566697.4061,34.220298087504474,117.14398252528157,32.79847797194532
1553743466.0,-2408693.797,4698103.7596,3566697.4039,34.220298035860914,117.14398254636025,32.80298905037219
1553743467.0,-2408693.7951,4698103.7552,3566697.4057,34.220298073523544,117.1439825497968,32.80004698977681
1553743468.0,-2408693.7917,4698103.7544,3566697.4087,34.220298107359675,117.14398252092363,32.79986283287129
1553743469.0,-2408693.7945,4698103.7644,3566697.4126,34.22029808484087,117.14398249845206,32.81047050053441
1553743470.0,-2408693.7892,4698103.7504,3566697.3997,34.220298064099204,117.14398251658545,32.7909150859189
1553743471.0,-2408693.7896,4698103.7468,3566697.3992,34.22029807568797,117.14398253827241,32.78813587463225
1553743472.0,-2408693.7904,4698103.7497,3566697.4054,34.22029810697107,117.14398253163975,32.7940582576122
1553743473.0,-2408693.7913,4698103.7425,3566697.4006,34.220298101591005,117.14398257597936,32.78640053472399
1553743474.0,-2408693.7922,4698103.7448,3566697.4015,34.22029809584192,117.14398257328308,32.788938562421635
1553743475.0,-2408693.7944,4698103.7414,3566697.3958,34.22029806360275,117.14398261136257,32.78406119923216
1553743476.0,-2408693.7923,4698103.7356,3566697.3957,34.22029809388081,117.14398261979929,32.77894504026308
1553743477.0,-2408693.7958,4698103.7394,3566697.3958,34.220298069387404,117.14398263478478,32.783117722480526
1553743478.0,-2408693.7928,4698103.747,3566697.4077,34.2202981307456,117.14398256818484,32.794270425541185
1553743479.0,-2408693.7954,4698103.7501,3566697.398,34.22029803843986,117.14398257794477,32.79207723103459
1553743480.0,-2408693.7934,4698103.7433,3566697.3967,34.22029806405289,117.14398259229833,32.78558813345677
1553743481.0,-2408693.7917,4698103.7463,3566697.4057,34.220298121539294,117.14398256102784,32.79221563390294
1553743482.0,-2408693.7926,4698103.739,3566697.3934,34.22029806070323,117.14398260586256,32.78026650631868
1553743483.0,-2408693.7948,4698103.744,3566697.4014,34.220298092691884,117.14398260235245,32.789274515322205
1553743484.0,-2408693.791,4698103.7378,3566697.402,34.22029813392457,117.14398259635259,32.783616374865886
1553743485.0,-2408693.7917,4698103.7381,3566697.408,34.22029817567779,117.1439826016272,32.78747544839945
1553743486.0,-2408693.791,4698103.742,3566697.4044,34.22029813286691,117.1439825755578,32.788056484288425
1553743487.0,-2408693.7892,4698103.7468,3566697.4031,34.2202981056849,117.14398253440956,32.79017824337249
1553743488.0,-2408693.7922,4698103.7413,3566697.4105,34.22029817872048,117.1439825906121,32.79142460802079
1553743489.0,-2408693.7931,4698103.7426,3566697.4094,34.22029816257424,117.14398259286698,32.79210207078407
1553743490.0,-2408693.7954,4698103.7458,3566697.4112,34.220298156235565,117.14398259923466,32.79633661070704
1553743491.0,-2408693.7881,4698103.7394,3566697.4112,34.220298201993394,117.1439825604252,32.788873520184
1553743492.0,-2408693.788,4698103.7436,3566697.4092,34.22029816836816,117.14398253866472,32.790801448979515
1553743493.0,-2408693.7843,4698103.7275,3566697.4021,34.22029819663457,117.14398258264681,32.77356620784461
1553743494.0,-2408693.7854,4698103.7357,3566697.4081,34.22029820182241,117.14398255267028,32.78338908665396
1553743495.0,-2408693.7868,4698103.7358,3566697.4071,34.220298190678804,117.14398256569508,32.783428436834186
1553743496.0,-2408693.7841,4698103.7293,3566697.4109,34.22029825457436,117.14398257180335,32.77976412955729
1553743497.0,-2408693.7857,4698103.724,3566697.4117,34.220298280747535,117.14398261349574,32.77691782616256
1553743498.0,-2408693.7859,4698103.7269,3566697.4082,34.22029824111182,117.14398260106886,32.777158811124686
1553743499.0,-2408693.7887,4698103.7282,3566697.4112,34.2202982511335,117.1439826216722,32.78085878402812
1553743500.0,-2408693.7918,4698103.7307,3566697.419,34.220298290828154,117.14398263923134,32.7882543121832
1553743501.0,-2408693.7833,4698103.7206,3566697.4138,34.22029831729152,117.14398260715258,32.774691666731755
1553743502.0,-2408693.7832,4698103.7262,3566697.4177,34.22029832133059,117.14398257846052,32.78096775290915
1553743503.0,-2408693.7842,4698103.7218,3566697.4187,34.220298346322146,117.14398260990262,32.77866980829705
1553743504.0,-2408693.7823,4698103.7155,3566697.414,34.22029834410358,117.14398262274631,32.770674261678884
1553743505.0,-2408693.7802,4698103.7235,3566697.4164,34.22029833075979,117.14398256285732,32.77711823449344
1553743506.0,-2408693.7773,4698103.719,3566697.4127,34.22029833018796,117.14398255713189,32.7706322773108
1553743507.0,-2408693.7829,4698103.7267,3566697.422,34.22029835182222,117.14398257308781,32.78364070358559
1553743508.0,-2408693.7793,4698103.7143,3566697.4171,34.220298379564525,117.14398259971645,32.77040291540939
1553743509.0,-2408693.7767,4698103.7178,3566697.4169,34.22029836829746,117.143982557279,32.77188493679443
1553743510.0,-2408693.7734,4698103.7109,3566697.4122,34.220298372023926,117.14398255957346,32.762919757200805
1553743511.0,-2408693.7797,4698103.7267,3566697.4231,34.22029836742347,117.14398254218511,32.78305212854902
1553743512.0,-2408693.7767,4698103.721,3566697.4164,34.220298350133774,117.14398254143535,32.77395834410993
1553743513.0,-2408693.7765,4698103.715,3566697.4257,34.22029844698976,117.14398256921079,32.774698128042836
1553743514.0,-2408693.7726,4698103.7067,3566697.4199,34.220298450220284,117.14398257264259,32.76385785244506
1553743515.0,-2408693.7716,4698103.701,3566697.416,34.220298449176624,117.14398259120702,32.75709321475857
1553743516.0,-2408693.7709,4698103.7024,3566697.4147,34.22029843478916,117.14398257751546,32.75712818807233
1553743517.0,-2408693.7656,4698103.6977,3566697.4159,34.22029847719676,117.14398254960324,32.75234532117033
1553743518.0,-2408693.7649,4698103.6985,3566697.4126,34.220298450607565,117.14398253888236,32.75081405652717
1553743519.0,-2408693.7682,4698103.6972,3566697.4168,34.22029848014758,117.14398257718723,32.753464395510285
1553743520.0,-2408693.7612,4698103.692,3566697.4196,34.22029854066984,117.14398253533358,32.7485721050247
